codigo,descricao,direcao,grupo_padrao
1102,COMPRA ESTADUAL P/COMERCIALIZACAO,entrada,5.1
1124,INDUSTRIALIZACAO EFETUADA,entrada,5.1
1152,TRANSFERENCIA PARA COMERCIALIZACAO,entrada,5.8
1202,DEVOLUCAO DE VENDA ESTADUAL REC.DE TERCEIRO,entrada,5.7
1253,ENERGIA ELETRICA,entrada,5.2
1303,AQUISICAO DE SERVICO DE COMUNICACAO POR ESTABELECIMENTO COME,entrada,5.8
1306,AQUISICAO DE SERVICO DE COMUNICACAO POR ESTABELECIMENTO DE P,entrada,5.8
1352,AQUISICAO DE SERVICO DE TRANSPORTE POR ESTABELECIMENTO INDUS,entrada,5.5
1353,AQUISICAO DE SERVICO DE TRANSP POR ESTABELECIMENTO COMERCIAL,entrada,5.5
1359,AQUISICAO DE SERVICO DE TRANSPORTE POR ESTABELECIMENTO DE PRODUTOR RURAL,entrada,5.8
1403,COMPRAS DE MERCADORIAS SUJEITAS AO REGIME DE S.T.,entrada,5.1
1407,COMPRA DE MERCADORIA PARA USO OU CONSUMO CUJA MERCADORIA EST,entrada,5.8
1409,TRANSFERENCIA DE MERCADORIAS SUJEITAS AO REGIME DE S.T.,entrada,5.8
1411,DEV. DE MERCADORIA SUJEITAS AO REGIME DE S.T.,entrada,5.7
1551,COMPRA DE BEM PARA O ATIVO IMOBILIZADO,entrada,5.8
1554,BEM DO ATIVO IMOBILIZADO (confirmar descricao oficial exata),entrada,5.8
1556,COMPRA DE MATERIAL PARA USO OU CONSUMO,entrada,5.8
1653,COMPRA DE COMBUSTIVEL OU LUBRIFICANTE POR CONSUMIDOR OU USUA,entrada,5.8
1902,RETORNO DE MERCADORIA REMETIDA PARA INDUSTRIALIZACAO POR ENC,entrada,5.8
1904,RETORNO DE REMESSA PARA VENDA FORA DO ESTABELECIMENTO,entrada,5.8
1905,ENTRADA DE MERCADORIA RECEBIDA PARA DEPOSITO EM DEPOSITO FEC,entrada,5.8
1906,RETORNO DE MERC. REMETIDA PARA DEPOSITO FECHADO OU ARM.GERAL,entrada,5.8
1907,RETORNO SIMBOLICO DE MERCADORIA REMETIDA PARA DEPOSITO FECH,entrada,5.8
1908,ENTRADA DE BEM POR CONTA DE CONTRATO DE COMODATO,entrada,5.8
1910,ENTRADA ESTADUAL MERC.BONIFICADA,entrada,5.8
1923,"ENTR.DE MERC. RECEBIDA DO VENDEDOR REMET., EM VENDA A ORDEM",entrada,5.8
1926,LANCAMENTO EFETUADO A TITULO DE RECLASSIFICACAO DE MERCADORI,entrada,5.8
1929,LANÇAMENTO EFETUADO EM DECORRÊNCIA DE EMISSÃO DE DOCUMENTO F,entrada,5.8
1932,AQUISICAO DE SERVICO DE TRANSPORTE INICIADO EM UNIDADE DA FE,entrada,5.8
1933,AQUISICAO DE SERVICO TRIBUTADO PELO ISSQN,entrada,5.8
1949,OUTRA ENTRADA DE MERC. OU PRESTACAO DE SERV. NAO ESPECIFICAD,entrada,5.8
2102,COMPRA INTERESTADUAL P/ REVENDA,entrada,5.1
2116,COMPRA PARA INDUSTR. ORIGINADA DE ENCOMENDA PARA RECEB. FUTU,entrada,5.1
2118,COMPRA DE MERCADORIA PARA COMERCIALIZACAO PELO ADQUIRENTE OR,entrada,5.1
2202,DEVOLUCAO DE VENDA DE MERCADORIA ADQUIRIDA OU RECEBIDA DE TE,entrada,5.7
2352,AQUISICAO DE SERVICO DE TRANSPORTE POR ESTABELECIMENTO INDUS,entrada,5.5
2353,AQUISICAO DE SERVICO DE TRANSPORTE POR ESTABELECIMENTO COMER,entrada,5.5
2403,COMPRA DE MERCADORIA SUJEITA AO REGIME DE S.T.,entrada,5.1
2407,COMPRA DE MERCADORIA PARA USO OU CONSUMO CUJA MERCADORIA EST,entrada,5.8
2411,DEVOLUCAO DE CLIENTE DE MERCADORIA SUJEITA AO REGIME DE S.T.,entrada,5.7
2551,COMPRA DE BEM PARA O ATIVO IMOBILIZADO,entrada,5.8
2553,DEVOLUCAO DE VENDA DE BEM DO ATIVO IMOBILIZADO,entrada,5.8
2556,COMPRA DE MATERIAL PARA USO OU CONSUMO,entrada,5.8
2653,COMPRA DE COMBUSTIVEL OU LUBRIFICANTE POR CONSUMIDOR OU USUA,entrada,5.8
2910,"ENTRADA DE BONIFICACAO, DOACAO OU BRINDE",entrada,5.8
2911,ENTRADA DE AMOSTRA GRATIS,entrada,5.8
2912,ENTRADA DE MERCADORIA OU BEM RECEBIDO PARA DEMONSTRACAO,entrada,5.8
2920,ENTRADA DE VASILHAME OU SACARIA,entrada,5.8
2922,LANC. EFETUADO A TIT. FATUR. DECOR. DE COMPRA P/ RECEB FUTUR,entrada,5.8
2923,"ENTRADA DE MERCADORIA RECEBIDA DO VENDEDOR REMETENTE, EM VEN",entrada,5.8
2924,ENTRADA PARA INDUSTRIALIZACAO POR CONTA E ORDEM DO ADQUIRENT,entrada,5.8
2932,AQUISICAO DE SERVICO DE TRANSPORTE INICIADO EM UNIDADE DA FE,entrada,5.8
2933,AQUISICAO DE SERVICO TRIBUTADO PELO ISSQN,entrada,5.8
2949,OUTRA ENTRADA DE MERC. OU PRESTACAO DE SERV. NAO ESPECIFIC.,entrada,5.8
3202,DEVOLUCAO DE VENDA DE MERCADORIA ADQUIRIDA OU RECEBIDA DE TE,entrada,5.7
5102,VENDA DE MERC. ADQUIRIDA OU RECEBIDA DE TERCEIROS,saida,1.1
5117,"VENDA DE MERCADORIA ADQUIRIDA OU RECEBIDA DE TERCEIROS, ORIG",saida,1.1
5119,VENDA DE MERCADORIA ADQUIRIDA OU RECEBIDA DE TERCEIROS ENTR,saida,1.1
5120,VENDA DE MERCADORIA ADQUIRIDA OU RECEBIDA DE TERCEIROS ENTRE,saida,1.1
5152,TRANSFERENCIA DE MERCADORIA ADQUIRIDA OU RECEBIDA DE TERCEIR,saida,1.4
5202,DEV. DE COMPRA PARA COMERCIALIZACAO,saida,1.2
5403,VENDA DE MERCADORIAS SUJEITA AO REGIME DE S.T.-SUBSTITUTO,saida,1.1
5405,VENDA DE MERCADORIAS SUJEITA AO REGIME DE S.T. - SUBSTITUIDO,saida,1.1
5409,TRANSFERENCIA DE MERCADORIA SUJEITA AO REGIME DE S.T.,saida,1.4
5411,DEVOLUCAO DE COMPRA DE MERCADORIA SUJEITA AO REGIME DE S.T.,saida,1.2
5551,VENDA DO ATIVO IMOBILIZADO,saida,1.4
5556,DEV. DE COMPRA DE MATERIAL DE USO OU CONSUMO,saida,1.4
5901,REMESSA PARA INDUSTRIALIZACAO POR ENCOMENDA,saida,1.4
5904,REMESSA PARA VENDA FORA ESTABELECIMENTO,saida,1.4
5905,REMESSA PARA DEPOSITO FECHADO OU ARM. GERAL,saida,1.4
5906,RETORNO DE MERCADORIA DEPOSITADA EM DEPOSITO FECHADO OU ARMA,saida,1.4
5909,RETORNO DE BEM RECEBIDO POR CONTA DE CONTRATO DE COMODATO,saida,1.4
5910,"BONIFICACAO, DOACAO OU BRINDE",saida,1.4
5922,LANCAMENTO EFETUADO A TITULO DE SIMPLES FATURAMENTO DECORREN,saida,1.4
5923,"REMESSA DE MERCADORIA POR CONTA E ORDEM DE TERCEIROS, EM VEN",saida,1.4
5926,LANCAMENTO EFETUADO A TITULO DE RECLASSIFICACAO DE MERCADORI,saida,1.4
5927,LANCAMENTO EFETUADO A TITULO DE BAIXA DE ESTOQUE DECORRENTE,saida,1.6
5949,OUTRA SAÍDA DE MERCADORIA OU PRESTAÇÃO DE SERVIÇO,saida,1.4
6102,VENDA DE MERC. ADQUIRIDA OU RECEBIDA DE TERCEIROS,saida,1.1
6108,"VENDA DE MERCADORIA ADQUIRIDA OU RECEBIDA DE TERCEIROS, DEST",saida,1.1
6117,"VENDA DE MERCADORIA ADQUIRIDA OU RECEBIDA DE TERCEIROS, ORIG",saida,1.1
6119,VENDA DE MERCADORIA ADQUIRIDA OU RECEBIDA DE TERCEIROS ENTRE,saida,1.1
6202,DEV. DE COMPRA PARA COMERCIALIZACAO,saida,1.2
6403,VENDA DE MERCADORIA SUJEITA AO REGIME DE S.T.-SUBSTITUTO,saida,1.1
6411,DEVOLUCAO DE COMPRA DE MERCADORIA SUJEITA AO REGIME DE S.T.,saida,1.2
6556,DEV. DE COMPRA DE MATERIAL DE USO OU CONSUMO,saida,1.2
6901,REMESSA PARA INDUSTRIALIZAÇÃO POR ENCOMENDA,saida,1.4
6910,"BONIFICACAO, DOACAO OU BRINDE",saida,1.4
6921,RETORNO DE VASILHAME,saida,1.4
6923,"REMESSA DE MERCADORIA POR CONTA E ORDEM DE TERCEIROS, EM VEN",saida,1.4
6949,OUTRAS SAIDAS EXTERNA.,saida,1.4
7102,VENDA DE MERCADORIA ADQUIRIDA OU RECEBIDA DE TERCEIROS - EXTERIOR,saida,1.1
